name,password,email
earchbell0,QxeSGm,mwinley0@smh.com.au
ehickford1,0cJj3e4zy,jgarbar1@51.la
kkybird2,NLr1Xeg6F,bbusch2@rambler.ru
rtwentyman3,9zVzF6E,apoundsford3@bloomberg.com
tveel4,WQzLgyE,wridsdell4@yale.edu
hruscoe5,nNFyRPozB3O,lsteward5@exblog.jp
ddussy6,Rqxp2hMZ,dlafoy6@thetimes.co.uk
bauger7,jrCYn4P,htrenam7@rediff.com
lhuge8,eE6bQrfP,eralton8@salon.com
jgricewood9,6YNEoaa7,tmarriot9@msn.com
mlanfranchia,yWEyz4zYa,gglendenninga@hp.com
ssollonb,lthmQz4TTM,gpetrillob@rambler.ru
twickliffec,LPaxZAm,kwizc@freewebs.com
tromaind,RboAafvWUl6,lculterd@addtoany.com
gtaylorsone,uHaTri,esonghurste@squarespace.com
mgehrtsf,nOudLM49pFL,cmacdaidf@surveymonkey.com
kgeorgeong,tsayX6oNac09,pwoodesong@unblog.fr
apeddelh,6LKx1Rt4y,cambrodih@ocn.ne.jp
cmasseli,JGDnoE,mcanacotti@businessinsider.com
sbatesonj,63QmLL7Ot1,mmckinstryj@eepurl.com
afurslandk,qkbiZepT,bbrimhamk@pen.io
jarkelll,LntgEjI4,mbrumenl@cdbaby.com
cmacmickanm,DN1j36ScVST,epidduckm@blogtalkradio.com
ophinnisn,befjq8U8,jbodiamn@amazonaws.com
singono,2FBCuvXBYCXb,fforestallo@simplemachines.org
jmeneuxp,kXBIxcAJJ,ddineenp@nhs.uk
koakwellq,Xf36Hrvll0p4,pgibbsq@vkontakte.ru
cbleasr,APe8SsBG2P,wcooplandr@bloglovin.com
ocurrans,Hg00g7fZKy1,dspadaris@hhs.gov
rbraisbyt,6lNble67Ae,lschwandent@linkedin.com
jpembleu,kKaYuodIn,mreidu@biglobe.ne.jp
orennoxv,s6skzx,mdiehnv@purevolume.com
qpygottw,bVqosbP,jpashleyw@addtoany.com
glemmenx,APC51T,obeelsx@xrea.com
shosiery,JN6DE2cwTw7l,mvolontey@salon.com
zliddyardz,qAdSLyZ7oV,tgillingsz@woothemes.com
mdrewclifton10,fvFwySoHWpkH,jhanbidge10@simplemachines.org
mgrass11,giclXI,ijohann11@sun.com
mklimkovich12,rdmKZ51LKs,egadd12@mapy.cz
tgout13,xnjKBMF,lbleackley13@sogou.com
pkrelle14,mOzVJS,mbenge14@infoseek.co.jp
jdelabarre15,ZXxN7iMT,sclibbery15@chronoengine.com
asimanek16,sI1OJQL,rjahnel16@jugem.jp
bdedden17,9peM77UnXwo,pforward17@icio.us
cpaddington18,qZnpVOWpOj,gfley18@imageshack.us
cgranleese19,yl64X2L,gweddeburnscrimgeour19@tinypic.com
rdavydychev1a,h9Xd2hXKl,vsawbridge1a@mtv.com
ejenson1b,TXJMlc,nbannester1b@parallels.com
bgronw1c,Vk44gmKTv,clambe1c@w3.org
fkilleley1d,ZSLkZbO,aveschambes1d@irs.gov
nchittem1e,F8tUORifp,ccausbey1e@google.pl
afontenot1f,1c1V2zAwr,bhyrons1f@macromedia.com
jwadman1g,W2ir8E0n,lbalnaves1g@bravesites.com
ikenewel1h,hPs1QiUy6M,abettis1h@google.com
cantonsen1i,jYf8WZa7X,jtredinnick1i@youtu.be
aheinrich1j,JUXqHs,gbrabender1j@ucsd.edu
achallender1k,OuGaLTTY,arounsefell1k@prweb.com
seady1l,5fyHop8siOKg,wdundredge1l@latimes.com
hloffhead1m,XjlVtKd4zGid,dcasarino1m@blogger.com
dcalleja1n,0P21qnqFXwE,nrubinfeld1n@patch.com
lcullip1o,ZXlmTcQEG1RK,apetrashov1o@etsy.com
llindenfeld1p,VdiYHcstI3nv,leldin1p@pagesperso-orange.fr
jlongbothom1q,OrVVaK,eparffrey1q@google.com
showsan1r,8dIyDojrkOrW,danwell1r@europa.eu
awillmetts1s,fcJJ4IteXC,clahy1s@merriam-webster.com
mcase1t,9xeVbRiL,jberntssen1t@dion.ne.jp
dpitman1u,bqOhzHq,lmcandrew1u@google.ru
mvaneschi1v,ZoO4tdJ6aH,mfolcarelli1v@economist.com
ibaudichon1w,cLJXYekkw,nroj1w@soup.io
scockayme1x,ESu2lm0OV,sleven1x@geocities.jp
mdrogan1y,leJISophWxz,dcohalan1y@dagondesign.com
kdemageard1z,Hms5CywBB,ccossons1z@columbia.edu
gbinny20,tjK5qdrs,malsford20@php.net
fforeman21,4BFRIlRC,nscurrey21@cdc.gov
kpickover22,z20s1OU,oartingstall22@is.gd
ncrowcher23,bvBrQHY,aragdale23@istockphoto.com
peager24,DhoqOZpatKl,dchilles24@instagram.com
clicquorish25,XDF55qozBhhq,nbenbough25@soup.io
avasyutin26,LmfbUfOjj71,hloach26@nba.com
kscoble27,U6cRFlzM,ltruswell27@netlog.com
tvanderstraaten28,jLcVRW4dIC,jthunderchief28@tripadvisor.com
cmcelmurray29,JCZByPin,kcudihy29@stumbleupon.com
slestrange2a,9mCDL5d8HPDW,lstrickett2a@ft.com
dpoter2b,2MuTCE7eW,bsalman2b@addthis.com
analder2c,hJ8ShkXWQz,czecchi2c@weibo.com
tbeslier2d,GEar6M7,cgallaccio2d@pinterest.com
bfasham2e,1PeBDe,amobbs2e@mayoclinic.com
aludlow2f,sSzkGd,cdesorts2f@flickr.com
mlongwood2g,dsEmOsW,iamor2g@adobe.com
pcarlton2h,K66yX66RN,estratton2h@patch.com
cwonham2i,NjnSjFzsEcl,pdegiovanni2i@nifty.com
aflannery2j,7J2jsSy7Aji,edepaepe2j@creativecommons.org
msambles2k,F3ja8Tmq,eotuohy2k@usgs.gov
khalifax2l,fQ7DTTQ5pd,cferrillio2l@mlb.com
ngillis2m,n0JY6d7B7,melmar2m@nytimes.com
sharriday2n,5GD3QV7mg,gmaypes2n@xinhuanet.com
blumbly2o,HJiRdnhfrHM,ekendall2o@odnoklassniki.ru
rbrookes2p,IxDC8u7O3,vbellow2p@ox.ac.uk
drabjohns2q,0h5J1gInb,ngarnsworthy2q@tumblr.com
bseeman2r,ooPDN45ncj,jrubinow2r@woothemes.com
leixenberger2s,0CAz6NHx,oswinnerton2s@mac.com
mbolam2t,TrjcCGkbIq82,fheam2t@moonfruit.com
jhousego2u,yl7IvMP8D0hW,kalebrooke2u@ftc.gov
jmorcomb2v,c8eDqEUde,ndougharty2v@nyu.edu
gdammarell2w,FCkPgx,grobbs2w@earthlink.net
kroan2x,2KEE7Va0wGg,bbarnhart2x@php.net
edolohunty2y,EW1SoK559,chalt2y@live.com
cmeagher2z,SzEwRhbl2I,qbeiderbeck2z@wufoo.com
scastles30,p5MSUw8n0,mlejeune30@patch.com
hhopfner31,L1zqwArJYf0n,rwaren31@narod.ru
ahanley32,aXjrHYR,lwigley32@a8.net
akupker33,fAVIxVnSNm,nfeatherstonehaugh33@gmpg.org
czapater34,bUBnLl,clytlle34@tripadvisor.com
epanons35,21x6rAw,dbalsellie35@live.com
rnattriss36,ldLk0tf,cdommersen36@businessinsider.com
afend37,xPjtijn,uwillcox37@vinaora.com
mghidoni38,BdZ8fw,rhasser38@sakura.ne.jp
lmcguiney39,Ab1trTI,asibson39@seattletimes.com
spickavant3a,tzqpItExk,tautie3a@4shared.com
mcollison3b,TZgrWxe5N,tmewton3b@cocolog-nifty.com
abenardeau3c,d61AJNJEh,pastle3c@weebly.com
schaffey3d,4Lp8hiQb71,hyannoni3d@free.fr
ahrachovec3e,TSmp0eOy,mbrimacombe3e@bravesites.com
mlanglands3f,rjFimrL4WOc,csargeant3f@linkedin.com
ablakden3g,Tps6pRp,dwaltering3g@ocn.ne.jp
tdiggar3h,E51lPzZq,dhambric3h@huffingtonpost.com
ntilte3i,81xgAnmrp,cegel3i@sourceforge.net
jpetrillo3j,BlDKQDULXEn,aghiron3j@berkeley.edu
cyashunin3k,Lrhd11M,frelph3k@jiathis.com
rgrayson3l,C6Tcv82Ll3,ntribbeck3l@wisc.edu
hoshea3m,AYFBqQWQ,belfitt3m@globo.com
asmeeth3n,EMYXTFaGND0d,arichardes3n@hhs.gov
scolton3o,ZdXTkcyDm9l1,gcorradini3o@dedecms.com
awaple3p,2rfCfYkDXw0I,ttight3p@goo.gl
bsolomonides3q,qdnbMXMCiu,jtollerfield3q@facebook.com
hbirks3r,TaAFG3rW7V,rable3r@upenn.edu
cwetton3s,PorVQg5CW,vkenworthey3s@technorati.com
omawditt3t,KfvBSUNxr,bvader3t@deviantart.com
pworley3u,MktJUQx,eshirlaw3u@forbes.com
wstroud3v,qEsLaixW,kcettell3v@desdev.cn
stilley3w,x0jOGR,rfritschel3w@google.cn
mcosgreave3x,X28hksmYAmA4,bvasyukov3x@bizjournals.com
dpena3y,MTG8mPasq,scorkish3y@ftc.gov
topenshaw3z,qfYTKEJgs9,efranschini3z@flickr.com
amcaster40,5vGMxVNFsu,klelievre40@cisco.com
hprestedge41,axbRe6,ogarlette41@arstechnica.com
klitherborough42,vX2TSjj,sbenedettini42@github.io
salu43,eBum1m2HmBpU,afrancklin43@imageshack.us
ekirwin44,5iqbAbPSaIVA,hlandes44@mysql.com
mambrosini45,NuCuCT,rmelmoth45@indiatimes.com
csynder46,ui2eeV7h0,hvallantine46@nps.gov
phowett47,fzg9zmNZxC2,lmatusson47@ihg.com
jcomfort48,Em1DkJ4v8YMN,ajustun48@multiply.com
sgaye49,SJZtwpE5C4bc,psollon49@upenn.edu
tjuschka4a,sNUadGrLLe,rbarrass4a@netscape.com
abaunton4b,qKAKrLZT8ik,tupward4b@yahoo.co.jp
tbettley4c,y4liJW,menrigo4c@merriam-webster.com
freadwing4d,yNVJZIfNWV,cvanderbeken4d@de.vu
amelan4e,IWOjIgM,zdeknevet4e@house.gov
lpuleston4f,Q4Ka9OSU,cfresson4f@umich.edu
jclutheram4g,HLe2WrE,cwhysall4g@booking.com
lbortolazzi4h,FWD0tHfbuN5,spepon4h@amazon.co.jp
iraigatt4i,nuq3s86Qgjj,trubinovitsch4i@umich.edu
chuffer4j,vHmEHT,cmeeus4j@sun.com
pvigietti4k,8v4IKxOb7G,hcolbran4k@marriott.com
gboice4l,UvJcuyp7wYI,pfazakerley4l@elegantthemes.com
wbugby4m,pZsgnzY1i,taylen4m@google.fr
ldyde4n,03FmbCbrTnD,esinnott4n@irs.gov
gjanos4o,cq33pOj5Vs,ccheng4o@hugedomains.com
lashforth4p,8PvGV9Gw32M,kwainer4p@biglobe.ne.jp
baingel4q,iPhtXrp,agladbach4q@canalblog.com
tcondie4r,SAaOzB6PlZ8x,jdimitrov4r@salon.com
crewcassell4s,bIVbvHtjhUr,esayle4s@gov.uk
jcortese4t,p0uyem,smeakin4t@fda.gov
rwatts4u,Sb6r0zqoN9,lrudeyeard4u@reference.com
cshynn4v,9wafxl,lrowlstone4v@tinypic.com
jsoppit4w,blIG3p,bconers4w@businesswire.com
lbrims4x,E0GN2lzU,dmuneely4x@vimeo.com
dhanington4y,VmiR6EB1,tleathem4y@cdc.gov
gmulvany4z,YUO3lUvF,sgyppes4z@apple.com
bfairrie50,VTZIQ9Bar,ecarr50@privacy.gov.au
slawrenson51,nMCLSacPzYZ,spassfield51@w3.org
cborrott52,3iU6Z9JB2,tparradye52@usatoday.com
fcowap53,00NalzacsFYD,bblunden53@ucla.edu
friepl54,W92OIkfruBdd,fmcmeyler54@freewebs.com
rgoodspeed55,dO4Q14wZV,fmarfe55@house.gov
ereynolds56,QoiIOpjm,ehughes56@1und1.de
dstutte57,hQSKPYEosX,mjacop57@reddit.com
rhannigane58,pBcWSnvuK9v,srosas58@is.gd
asenussi59,yS5pyzzx,madame59@google.es
jloude5a,92vlrrVO,bcochrane5a@goodreads.com
mdybald5b,BGRMIP,jproffitt5b@ibm.com
pkraut5c,7H4GTq4NaFHv,idrackford5c@home.pl
jgreenroyd5d,xAzkVt0QZ,lmacgiany5d@e-recht24.de
gandres5e,CMw99MNN,esturridge5e@state.tx.us
kpurcell5f,PnUe3POcr,clees5f@rambler.ru
canderl5g,jIPZ5FF,sdavitt5g@google.co.uk
rgilvary5h,VG1Ur5y,lshimmin5h@auda.org.au
sbette5i,iXceiGrU,lworman5i@go.com
vidiens5j,Gk4kZe,mive5j@whitehouse.gov
afernehough5k,gAYXdCorvw,dhenfre5k@cnbc.com
lkern5l,v2H9Duk,hsivills5l@digg.com
cabrashkin5m,51FbH10LB,ubarnsley5m@elegantthemes.com
hback5n,Q7LXRM481zg5,crobelet5n@flavors.me
yinstone5o,wiXMuFN,lwadmore5o@cnet.com
emargerison5p,rn2YIaeB,valvarado5p@dyndns.org
jwildt5q,59it0CFB0j,gpoinsett5q@goo.gl
cdemare5r,8al2ka,pbriggs5r@constantcontact.com
rfabbro5s,mGLmS9,pslocumb5s@senate.gov
jgull5t,HZSZN5KaXt,alinner5t@yolasite.com
malexandrescu5u,MArQuJnDSO,criguard5u@cloudflare.com
wblodgett5v,zln1iHc6f,lgeldert5v@imageshack.us
agrewar5w,IpU8COO,jwoolland5w@paginegialle.it
hgehring5x,uhgEWg,zshovelin5x@ted.com
dbatecok5y,dqPQoCU,cvolkes5y@zdnet.com
sosburn5z,3ijvOFnrkD,waulton5z@1688.com
vschruur60,Lcsx3c6SW,jcouchman60@usa.gov
wgivens61,ZNohrAqASd,ddranfield61@chron.com
kedmand62,VqPlId,cburker62@psu.edu
rrimington63,nk9TbVY,sglidden63@yelp.com
ringarfield64,afu4ZEF1MU72,tmacgillavery64@time.com
jgeeve65,LFuytYx,mbrawley65@latimes.com
trogerson66,qfqVwtKVp5,rweatherdon66@umn.edu
msnalham67,cmYZp4Ee,lhoodlass67@ibm.com
osnodin68,OGdO0Yczh,fvanrembrandt68@4shared.com
ldomingues69,2PRfmM,vlambdean69@paypal.com
cclother6a,Ad85hL6Rb,pmcmillan6a@state.tx.us
lhalwill6b,pjmHL3KATeFh,tpappin6b@tiny.cc
dcottrill6c,8t6c4U,jjaumet6c@weather.com
kborel6d,MU6axaL,mgoodnow6d@businesswire.com
twoolrich6e,uRABVu3UxHi,cpaal6e@netscape.com
rminard6f,gp9QNuxtTTr,pcommon6f@ustream.tv
slawtie6g,d7RqRySd2TG,dmcquarter6g@360.cn
ztaberner6h,pF3n0E,cfishenden6h@google.ru
mjakubiak6i,VYl96XMv,msneesbie6i@nationalgeographic.com
aianitti6j,EljZBy7VG,atesdale6j@admin.ch
acartmell6k,Z1NywHkL,dpyner6k@ifeng.com
jlympenie6l,aPIMEVCF,rgiggie6l@uol.com.br
bfison6m,j8NQHUc,hantyshev6m@pcworld.com
sjerram6n,SQzWYMFLFn,rgate6n@de.vu
mwinfrey6o,rQEBH7Wh,nmeuse6o@amazonaws.com
gmusselwhite6p,7cJ8JVF0yGZ,gbann6p@marketwatch.com
ljedras6q,T27ecjisecu7,dbetonia6q@businessweek.com
jhathorn6r,njzvAwhLt,jsoldi6r@java.com
tmourgue6s,6a4KGTLmaXCH,elipscomb6s@webmd.com
mmcalinion6t,hGZahyYiJ5M,jpersent6t@washingtonpost.com
emackeeg6u,i3HIHM0,rcicci6u@posterous.com
ndocwra6v,tRhjmEHd,sgerraty6v@sohu.com
eearney6w,5XKnCh,tgagan6w@independent.co.uk
cdubock6x,CQDiK1W,mbaroch6x@cbsnews.com
kroubottom6y,fqCwb6hJ,rraynor6y@chicagotribune.com
cfrankling6z,tPybTZ,tguilbert6z@dedecms.com
tyewman70,nFc2Koahi,dmulliss70@jigsy.com
lsifflett71,iVwWJLYmLEJA,egooms71@shutterfly.com
hbawdon72,9s0wLT6k6,rfeenan72@wired.com
ckernaghan73,mPEirjHuVx3m,koverton73@github.io
asnipe74,geon9O64,haloway74@jiathis.com
ccoxhell75,JZzudG1ev,wlanceter75@devhub.com
lpogson76,X2itYJs,hbagnold76@fc2.com
yloverock77,NlSCnRcuGGJ,mstucksbury77@usgs.gov
mverbrugghen78,ZZDHNOZcgain,bhugnot78@twitpic.com
bolehane79,Eab5ISBz7,orutty79@soup.io
dvanbruggen7a,fmIPPskZbfK,hesbrook7a@ibm.com
bhullins7b,PVXPXMe6BR,mmirfin7b@stumbleupon.com
yjerrom7c,zu0feuW,dcervantes7c@blogs.com
agarnsworth7d,gNfkHPnKK,tpoppleton7d@yale.edu
mlawerence7e,hFrzaEvSbvz,slatty7e@github.io
rdaftor7f,Gt7qi7n4x6rI,khuburn7f@youtube.com
komullally7g,mqW1eV55,nscutt7g@yahoo.com
rwix7h,F11ylusPX0,cdaveley7h@epa.gov
lspelman7i,Kx2oC22KQ1ko,cledeker7i@statcounter.com
phacquard7j,KIFVHqS7zQYL,bbarabisch7j@blogtalkradio.com
eesch7k,qqD6iY,tberinger7k@taobao.com
spurselowe7l,zcLE1zxGwaZq,rfawks7l@shutterfly.com
kmilne7m,rFi1loVv,mkamenar7m@rambler.ru
ocreffield7n,ZcAaCZ4JC,eclee7n@soundcloud.com
slightfoot7o,qSicc9RFh0bO,nnickoll7o@discovery.com
pandrews7p,PY7HphoGIn9,lgricks7p@spotify.com
cbradbrook7q,7dMk0IzdNQy,gyvens7q@slate.com
nhanbridge7r,Rd78ykaMIT0t,cbarnicott7r@msn.com
avanbrugh7s,Dv9RFSFy26,boakhill7s@4shared.com
trymill7t,BpG0u3E,framiro7t@springer.com
bgabala7u,rxCpGpP,mmacmoyer7u@illinois.edu
yfullerlove7v,mEmueCFBfHl,nambroise7v@paginegialle.it
imerrydew7w,JLSij4Oek,rchandler7w@hibu.com
mnewlands7x,49WKjtxlE,dberkelay7x@arizona.edu
rrolston7y,nJ5hG3lZL4,hcanny7y@yahoo.co.jp
tdishman7z,RfQz1Z,pfullalove7z@instagram.com
cgash80,1p0nl9qr,sbehn80@nature.com
tsouthworth81,BsoARMe,glemmanbie81@cdc.gov
bshorbrook82,f0sxgl0,ncallow82@dmoz.org
mmearns83,1ISs087u2,lblind83@gov.uk
struran84,kpRq8VcP,scordon84@ucoz.ru
rkienle85,dlLOXi3,mgoldberg85@upenn.edu
cbigglestone86,ciqpTEf3DzbW,elegg86@sfgate.com
alomen87,VzC1bZcah2Ww,jitzakovitz87@github.com
sliggons88,AslrUaR1BvI,bbiddiss88@google.nl
rwalton89,e00JLiJOQH1u,eburghill89@nifty.com
ephilps8a,H5XUNoC3yeFj,ehutable8a@cdc.gov
rflury8b,LdbYLvDt8,bpennycook8b@marketwatch.com
jtreven8c,btAjQEWp7qc,atejero8c@paginegialle.it
cconahy8d,uCBhOgqvqtB,bsommerton8d@paypal.com
ebrimilcombe8e,e4rFx7UWxcrk,aeldon8e@washingtonpost.com
sleedes8f,rDl1N4,aswalowe8f@ca.gov
jhafner8g,UtBH7TJTXV,mcastelletto8g@bbc.co.uk
vaugar8h,a0NidW4,ofoston8h@istockphoto.com
hmanna8i,KNJJC5nGFdu,ahiner8i@free.fr
imcalpin8j,WA3zGnI,tpiddlesden8j@google.com
vpruce8k,OVWI39Rd11B,sspears8k@csmonitor.com
ctinston8l,W4cfDGgBVEoo,abiskupek8l@biblegateway.com
hgaley8m,llTaRFj,thaney8m@hibu.com
hmulleary8n,BpVPHVXGk,fperl8n@parallels.com
gbartens8o,YRw5mD,ecurtayne8o@tamu.edu
thubbold8p,TjFTRTD,lchelley8p@hubpages.com
sgreenroa8q,5S0ASiJl,croseaman8q@sun.com
slenthall8r,pRqanAhh4dF,mairton8r@hatena.ne.jp
czorzutti8s,97dqRfUi6,lgergely8s@xrea.com
fbettinson8t,DuIUDYZGhC,jcruddas8t@answers.com
kengley8u,Mi557yw,mluckings8u@bloglovin.com
ewagner8v,vq77AeAXOg,uplayle8v@cam.ac.uk
jmatusson8w,LpQPYObQDuP,trenol8w@comcast.net
jrouf8x,s766usmHps3,asheriff8x@tuttocitta.it
xhamil8y,cYHzyE,amarkham8y@google.nl
mmilvarnie8z,AvKQKWuS,nhenderson8z@weibo.com
pshippam90,G9JSJU,cdumphry90@unesco.org
cmilligan91,ObeJyauT,dmallender91@independent.co.uk
amounfield92,DNuS7clJFJR3,cdellenty92@cocolog-nifty.com
bmitchell93,cWUuCh4,eboulde93@elpais.com
rjohananov94,tdC2jNTIeS,mcrinion94@cnbc.com
fmcinteer95,jHYgZ9,emeco95@unc.edu
amorter96,YySQwMs,efrane96@buzzfeed.com
cyarnton97,yTchmg9vNS4c,rmacaloren97@twitpic.com
atanman98,I4PZE74y4ZQW,qchomiszewski98@cloudflare.com
evalois99,nW8kgBuRQGh,rhandling99@google.co.uk
srefford9a,TpkKi630j,rfitzmaurice9a@fotki.com
omanhare9b,s9jjmvEam,apull9b@ow.ly
lkermitt9c,j8OKmKCNF2,hdebruin9c@census.gov
mbavage9d,YURUCYY3Yd,bwarmisham9d@spotify.com
cmoyce9e,6HUbnQS,emonelli9e@free.fr
mainsley9f,sYivwSlQEb,mhollerin9f@cocolog-nifty.com
acoster9g,MUoP20qLjz,sbunney9g@cloudflare.com
lelland9h,iiTuFPWO5s,rkelson9h@1und1.de
crender9i,kxpz8LgsB,jcourtliff9i@cnn.com
jgodlip9j,g4kepxldqphq,dgladman9j@google.de
bhuggill9k,W94a9O,treffe9k@google.ca
hjupp9l,KKJa0ro,rconklin9l@devhub.com
jswarbrigg9m,3YiRbPa4,hottiwill9m@timesonline.co.uk
scorbridge9n,emCuJCOZK,tabernethy9n@facebook.com
tthurley9o,eXkPAPH5,tstuehmeyer9o@etsy.com
ecolaton9p,6db87xP0,mblowick9p@merriam-webster.com
jwestcar9q,kJgkPW,bkiehl9q@utexas.edu
csawle9r,49opw0N8pGe,tpilsworth9r@homestead.com
sgurner9s,dgoyLT0,cchatan9s@bluehost.com
lmclese9t,baksjE,rguyet9t@npr.org
cpohlak9u,IrqmfcvXO,cmclice9u@upenn.edu
wmccard9v,lMmlAXy9Rmzy,mcaslin9v@instagram.com
dbickerstaffe9w,cwViTDV,dpeters9w@skype.com
bgoscomb9x,E0jSAqwE,cprofit9x@prnewswire.com
oberwick9y,CLxTJ0rd,abaugham9y@macromedia.com
hrosoni9z,pY3gyWa,apetre9z@w3.org
pmordana0,lo2MpL8,edrakarda0@home.pl
adionisia1,vn0IXeXZrZvY,oflemmicha1@usa.gov
vdeavesa2,T20XKm,pgundreya2@feedburner.com
xkarlowicza3,dKGE8z8G,fgittoesa3@washingtonpost.com
owakleya4,rjwqlh,aangela4@epa.gov
mjozsefa5,fcwCKJbE8m,kdevina5@quantcast.com
ehaira6,ImXiyPaj,sskahilla6@ask.com
tcharvillea7,aGkzov,smouana7@4shared.com
sjiraka8,F0FQ84N9Lo,syerrilla8@ucoz.ru
cschollicka9,rSZ8D9Pa951,mhammonda9@cyberchimps.com
swestoveraa,SZQsGzqSNfQ,jsimonardaa@europa.eu
mfolkertsab,oAZV3lyx,adalessioab@goo.ne.jp
akrelleac,aP9aN6,mbohljeac@taobao.com
klordonad,Lr0aRoV3Bg,tpatridgead@prweb.com
omcsharryae,SzSRDw,apanyerae@dailymail.co.uk
jsansumaf,iveeP8ykjRhW,kinstonaf@meetup.com
gscoonag,jBEniV8LlPtc,sspottswoodag@istockphoto.com
olowtenah,pd4m2Efxo,aantenah@cafepress.com
mstubbingsai,OIWDmY,sgerrelsai@simplemachines.org
mriolfiaj,r6xNubfbG,cbendelaj@scribd.com
ebouzanak,Oi8o2i,vdovingtonak@oracle.com
lgreggersenal,AkkNktD,cgiovanninial@ucoz.ru
askewesam,fdepHwaJ7uW,ahuygenam@icq.com
elassellan,Oyk8szk,rtrayesan@marketwatch.com
cminihaneao,j5yQzZTEl,jliddonao@usatoday.com
castlesap,kceZOPDb,ljurriesap@wsj.com
mgullefordaq,baLPr5dU,bsymondsonaq@artisteer.com
lmulqueenyar,yYV1KjvRNQj,sbickfordar@meetup.com
gabsonas,yHZK1Jk0N9V,sjahneras@topsy.com
sextillat,F1LDvV2Odl,happleat@telegraph.co.uk
aberthonau,LsNaFOAu,hsizlandau@livejournal.com
bfinlayav,VFdpu7,rkrauseav@last.fm
ithurlowaw,PKpoTUHP2H1y,afadianaw@tripadvisor.com
aocaineax,l46cpt6aA,tborgarsax@google.co.uk
wchapellay,NMy0BXcgsa,rtremblettay@cornell.edu
hdowseaz,MjJLkJ6Q5me,jpeddieaz@addthis.com
yisakovitchb0,wpTLMi,twiggettb0@friendfeed.com
sshillsb1,y0jbmAQk2D,clohoarb1@indiegogo.com
wabrahartb2,dH6cedUZeO6,ikernerb2@yolasite.com
sgingleb3,9svt2c,hrobkenb3@noaa.gov
jpadillab4,EfFfbGh,rfeildenb4@weibo.com
bjouanninb5,UMhXlYVifVx,ligoeb5@globo.com
eorbellb6,qyG2ambBEx,sguilaemb6@prlog.org
talyutinb7,hLBmEzxo7u,cmcglynnb7@smh.com.au
hfranzettoinib8,yp8iVpVz8si,nornizb8@domainmarket.com
ldurnellb9,rW78GICKo5,dmacandieb9@bing.com
mhapsba,T4ldQpbhVCyj,kmcnickleba@ovh.net
kraeburnbb,JhK7H9m,pmanvillebb@jigsy.com
cballinghallbc,bnilXz2d9,dkeblebc@samsung.com
jpahlbd,6ednIPMNR,cvennbd@creativecommons.org
omilnesbe,HYfkNPEfIzb,mworgebe@gov.uk
kalkinbf,gU0xro7Sxz5N,mbiskupskibf@mail.ru
jsatchellbg,A0B0jiZ7VJe,fhelmbg@webs.com
ldonaldsonbh,rB9z5MGt,scuolahanbh@pcworld.com
eseggebi,2ATbmj,fbenoibi@cnet.com
tbrackstonebj,7KOkUmNNadY,dscaddonbj@ameblo.jp
mbagguleybk,cVwmME3qUl,mgustusbk@elegantthemes.com
jtomsettbl,YU2mGQRW,fserrierbl@noaa.gov
kauberybm,5pWi5xuvX,lburtenshawbm@google.com.br
dtousybn,w6RnVaJtq,ssappybn@twitpic.com
ipoundsfordbo,XaFDDJLa9Xuq,rcoulstonbo@mayoclinic.com
mbeharrellbp,rzsPnbJg,kgwytherbp@arizona.edu
eknibleybq,A0OTUHwhyXCL,hriochbq@dmoz.org
cbonelliebr,81YhiI,mpashenkovbr@freewebs.com
festerbrookbs,h4Rs4keRM,obladonbs@tinypic.com
lwilmutbt,T7RnC2SK1PX,jvescovobt@nsw.gov.au
aduckerinbu,RN7o2BsUCULr,dstuddardbu@timesonline.co.uk
tforryanbv,TagPIt,dmcquiebv@spotify.com
cformillibw,yLEpviAi2bN,gcollinettebw@bbc.co.uk
wjeanbx,DYmnUMR1,stottonbx@gravatar.com
vpichanby,k7zXtSoz6,jwoollastonby@smh.com.au
cquincebz,tIVQFiHq9nUV,gdomeneybz@usa.gov
wbruckmannc0,iysOYd,rvidyapinc0@yandex.ru
jlevic1,llcOMjBks,mattawayc1@accuweather.com
mmclicec2,WLN2MndSo,kmcconnachiec2@istockphoto.com
wdrawmerc3,cRXVqxJSX,alenniec3@google.ca
gtumiotoc4,UkaMCSt,rforcerc4@about.me
jbonhamc5,ubxB7kh6Ngef,abournec5@goo.ne.jp
pgabrielc6,tf5WEZHB89h,sbenjefieldc6@buzzfeed.com
abartlesc7,og7se8b8vN,jkidstonc7@google.pl
wblandamorec8,EQPMHpj8,abrayleyc8@wufoo.com
sgouldebyc9,TXcuMKhANf,lheadlyc9@123-reg.co.uk
dpeaseeca,HED9J6KGXu,bcostanzaca@myspace.com
spalmarcb,aQ3VznTz7I,rpleacecb@examiner.com
kyglesiacc,bHGE2QT9,dgrationcc@nature.com
mmaccrackencd,RiLB7T,lalyukincd@patch.com
ttoderbruggece,fw3lwnj,edyosce@weebly.com
ghodgoncf,tRmu6G,cmoncreiffcf@loc.gov
hbathercg,rnSck7k9Z0fx,jestcourtcg@hexun.com
amccrachench,PldDw2,mtrimech@google.ca
jdargavelci,6DIGI8k,tpickwellci@themeforest.net
tcottemcj,5GoiB5U,omatijaseviccj@dion.ne.jp
ttuerck,MGx0R6Umo2nd,asollonck@foxnews.com
gcursonscl,ni6WRzE,bboageycl@nytimes.com
llicciardicm,WqtNbmg,lsidebottoncm@ameblo.jp
gchamberlencn,2XV3TfOdXj,syeomanscn@state.tx.us
mscoullerco,BS0yxyS0XYAt,sbellellico@archive.org
shannycp,unJydqW8yg,bsumpnercp@uol.com.br
bceschinicq,SRPgTW,gpaviercq@scientificamerican.com
mbonhommecr,9M2hL7KbJ,lgummowcr@msu.edu
tclarkewilliamscs,yVncE53l3x,hsummerliecs@bizjournals.com
asouthworthct,ZL6ccKN9,smuzzulloct@pinterest.com
ibonefantcu,NSdgfrCKJ2,kolletcu@youtu.be
ewhaymancv,t5KbHs,djacmardcv@google.pl
sbrabincw,NyCssrv,nlazonbycw@myspace.com
lduellcx,GgxJdEs2vJY7,epeverellcx@usda.gov
cwasoncy,r7Ck9VCkwh,bwimbushcy@123-reg.co.uk
swestripcz,8R4LvBA,fmedcraftcz@woothemes.com
cveitchd0,3ZGAvzNg37,ldurnfordd0@cdbaby.com
lbarklyd1,29tyTTOpU2lb,eleyshond1@blinklist.com
dbrimilcombed2,Z6ZVc0Q1Ma6,sseckerd2@51.la
isniped3,eZCjnF,pcoltartd3@bluehost.com
cbartheld4,MKw4fjrcw,lnortunend4@lulu.com
jgoudyd5,dKGlT8J,elauritzend5@nytimes.com
savesqued6,I41SMS0gW,nswallowd6@merriam-webster.com
lclinnickd7,wamkFq5,dmacnamarad7@npr.org
gmeighd8,otBx2EQU70p,cjanuszewskid8@reference.com
lfrichleyd9,VSvjYoIRM,gseamand9@slideshare.net
cgrimmolbyda,9nI3cShGPlE,rpoppletonda@hostgator.com
gkellerdb,2yi4Rx5,sgrinvaldsdb@cdbaby.com
opeteradc,HpR7HPH2G,dhenrichsdc@webmd.com
nrisbiedd,5PL5iQyO5h,sblackslanddd@diigo.com
rwarrellde,cPk5KvflXA,ljanskyde@redcross.org
fcrozierdf,2tqGUcP9Co,amabonedf@amazon.de
ndavydkovdg,AI97GWdb,smollindiniadg@telegraph.co.uk
jpapierzdh,xqeHK4nssi,emarriagedh@wunderground.com
rpindardi,Yqq6bU,dcowlesdi@typepad.com
wreynaldsdj,JTSEGtah,phymusdj@dell.com
cgunnydk,6mQFacgNd,atrematickdk@ibm.com
hkollaschdl,vWV58r8Z,dgillinghamsdl@example.com
gflodedm,kWmfEVyC60,vmuirdm@kickstarter.com
lgyrgorwicxdn,icMxBP,kdestouchedn@google.com.au
dniesingdo,QeNDjeu,aclercdo@tripod.com
imcguffdp,XRZX7s1HxJO,gboddymeaddp@list-manage.com
tsybedq,HL3jck4G,ncoombesdq@smugmug.com
hgambiedr,uFHYi6t,fteersdr@jugem.jp
ckinneards,yhPoM8aEgy,gagdahlds@who.int
aanniwelldt,kgUEZVXV9,rhultbergdt@geocities.com
jashworthdu,3xDatpSDaHY,sbrunonedu@fastcompany.com
lbudibentdv,CHocgF,vlardgedv@scientificamerican.com
dsingyarddw,GqxLrq,mholtomdw@cisco.com
bscaddendx,vToGOpThB6Dq,zlinkletdx@smh.com.au
ehaggarddy,ZQuCOpltgvy,jpetrenkody@dion.ne.jp
rzanettinidz,jcC59rpM,ryarrdz@berkeley.edu
kschiersche0,WjZcWITQ7Mw,dwortleye0@oracle.com
smcconigale1,Xi6G3d,adebruijne1@zdnet.com
aallrede2,orKGnhm5OK4B,dfilipsone2@nationalgeographic.com
omingayee3,0imAkUZ,rstrawe3@furl.net
etomankowskie4,3A9VPXpSJUg,jmaleke4@ycombinator.com
zgroartye5,J1o4mxyGy8,kbleibaume5@mashable.com
asentene6,bLvQBw,cbellone6@dedecms.com
boleszczake7,CUT5ufC,glatheye7@live.com
kheadinghame8,SrjnfTJbkJ,ffotherbye8@de.vu
gcrocie9,ZxZcgiPWUnmc,nburgwine9@github.com
lgowanea,1fOfUYi,sdarthea@sogou.com
shessingeb,I3jRuVsYJ6,camoreb@icq.com
tzoaneec,AhvCSmsj241,kmallaboneec@ameblo.jp
macedoed,f8J4vfO,upagined@gov.uk
rholliboneee,apB8IeS86JqP,cewenceee@weather.com
mkilbeyef,mXZIBkN,rfrottonef@elpais.com
jdarrigrandeg,TakL45Our,aburnhamseg@oaic.gov.au
msurgeoneh,HjHvGhMkMTw,ebrunaeh@virginia.edu
rcoggonei,5gz19SUdSDG,mkonigei@wsj.com
mpalmbyej,28uoJF0j,msichej@alexa.com
rendersek,KsQoso,choltomek@icio.us
esteinhammerel,vwKRMV,jclurowel@amazonaws.com
cmcphelimem,QtiKg1h,alakendenem@nsw.gov.au
zdreweten,i6qOdkMP,emcteggarten@chronoengine.com
aminetteo,AjYJBpW,bfurnisseo@xrea.com
ggorewayep,SrKtIvO91M,bbuckbyep@time.com
iriveeq,XNw2duGfsWa8,agoldmaneq@elpais.com
ktumaer,NMAcnWmmn,spitrellier@cnet.com
mchurchines,0aX2TEQ,sagostinies@networkadvertising.org
mmatyushkinet,i8mKoics2eT,vfidellet@nytimes.com
jleworthyeu,r8DZnnZ8,evignauxeu@biblegateway.com
ecreeboeev,2Z6JpT6q,bpasterfieldev@yellowbook.com
ndomineyew,prleqqz,cdabnorew@furl.net
cschoberex,1U1tCJ8KK,cmarionex@hud.gov
mhubbertey,RlADjZwvA,melgieey@i2i.jp
lstoggellez,x5DmaXS,amarteez@yellowpages.com
mjerramf0,xNSeCVMgq,abartodf0@free.fr
lbahlsf1,6l6vd6,cvanyarkinf1@abc.net.au
rclausewitzf2,SfwJi6i,csuggeyf2@gizmodo.com
gyeamanf3,pqQ1tj,bdalbeyf3@tuttocitta.it
mchiddyf4,ZGhyIS,agavinf4@craigslist.org
jmacpaikf5,lEaYR0oYJzoL,gcailef5@mapquest.com
lsweetenhamf6,5OkEHbZE6ZIx,jseywoodf6@economist.com
ddelayglesiaf7,DeI7OvS,rcronef7@weebly.com
dlatchfordf8,6wJhJF7Gf53U,mmarvenf8@behance.net
cbatonf9,u3oEiFPLb,abillhamf9@craigslist.org
rcopofa,COLsZZQJv,ibegginfa@sun.com
fpiperfb,6UfT7t,rcornockfb@amazon.de
dtavinorfc,QYIXaxSM,lfiggenfc@blogger.com
tcardwellfd,JmSUFpnY,btosneyfd@ezinearticles.com
gbernardtfe,ExVnbyYh8FNN,vbourbonfe@ustream.tv
cjoselsonff,jz0EbkO3,grubenczykff@lycos.com
spaulssonfg,eBCzlYf3Lw,ldruganfg@gizmodo.com
jambagefh,ByhPnZBS6o,jcopefh@qq.com
ascallyfi,uXAcynGU,jevinsfi@jugem.jp
athrelfallfj,iHYmnMOVr,clembkefj@dell.com
rshorbrookfk,zYLF50,agilliganfk@va.gov
soharneyfl,b71eRinB,hrollingsonfl@w3.org
pimpsonfm,M5IngEh,whannabusfm@disqus.com
sswiffanfn,ZWAhc8WrBY,syurocjhinfn@icio.us
mleistfo,0wjtwcttSt,ldelacotefo@stanford.edu
smccrainorfp,Ko3mlOY3yTQF,bhugofp@blogs.com
ilaimablefq,8JriLj8O6,sbyfieldfq@51.la
gscamelfr,Nib7IAn,dmyriefr@pagesperso-orange.fr
nkleebornfs,DywoaA4nRZC,wyeafs@mail.ru
ncastillonft,zpo5D2XA9,avicareyft@dailymotion.com
nmaclainefu,3BEBkG,abarnettfu@un.org
pespositafv,lWLc4R,ffreckeltonfv@miitbeian.gov.cn
lredmorefw,GsJQzTpHK0,gkleisfw@japanpost.jp
dsansomefx,CkCbXyMX7Y,ecarletfx@wordpress.com
pmillierefy,SXjVhcro9kKI,emckanefy@mysql.com
eschuttefz,6lhk5Cbz3W,gludwellfz@yale.edu
sdemezag0,MmpV0Lzq,sfeareyg0@blogtalkradio.com
froxbyg1,RjaZz9ZQ7,mcatherineg1@hp.com
ukhomishing2,j0ktuxi,arapportg2@squarespace.com
bgibbiesong3,8pqo46yZZa,dhinceg3@bbc.co.uk
mblountg4,fOn6wbn,rgallagherg4@boston.com
zscalerag5,X6NyLfpXC,hizkoviczg5@cocolog-nifty.com
abeageng6,D6mpNAe,dyurkiewiczg6@thetimes.co.uk
babelsg7,f0qNkqx2,boneilg7@mac.com
wmonktong8,92owKPGeo,carrang8@kickstarter.com
reldong9,vKq8JWN,calibertig9@last.fm
dbarkasga,zf52ad0kF,dwalkowskiga@merriam-webster.com
tcullongb,T2RDH6wjEJ,dcastillogb@wiley.com
cbrutegc,Gl6RNsv9,bibanezgc@usnews.com
lcoggillgd,mBPZ71ZPWf,aricardougd@naver.com
mchalkerge,QYhilzunhC,sludlowge@domainmarket.com
vbrimilcomegf,awvEOrAnLwi,ctesimongf@4shared.com
lblightgg,H64JmMzJGUJJ,cspurriergg@google.de
nnussiigh,9OoI24snP6z,gbustongh@princeton.edu
oblecklygi,jxg4uGB3C,poldreygi@phpbb.com
gbromagegj,1BApwuqi,grattriegj@home.pl
ddykagk,NdUb7KJ,otschierschgk@jimdo.com
bkewzickgl,Qgzdc0Lpbvz,deffauntgl@comcast.net
dmattimoegm,aOcRrEmugr,rbrahamgm@nature.com
agraffhamgn,H8llE85vpo,bterrygn@studiopress.com
malldisgo,nzRv9C3iN,mfromontgo@csmonitor.com
canneygp,hLXQYN,bpicknettgp@unc.edu
ttunbridgegq,lZ5GEFcV36iN,wloramgq@telegraph.co.uk
vmarjanskigr,H9kztyb2,gglowachgr@goodreads.com
aocahsedygs,BKhO1Xd56,mredmondgs@dion.ne.jp
ejackgt,gqrzjQL,hraittgt@vkontakte.ru
jdilgarnogu,O7AmxVvf,sheadingtongu@youtube.com
tmcbeithgv,kt5Jmf,lemmanuelgv@furl.net
mcoyettgw,Zc6Cn3,brichardeaugw@pinterest.com
ffoxengx,tDCyrS,rposselgx@cdbaby.com
mtidcombgy,KGaFe9p,iainsliegy@accuweather.com
ealbingz,ozUS7PEPBGOG,wforsdikegz@dedecms.com
bgroucutth0,Y0ioLH,abusbyh0@blogspot.com
drobertzh1,WuLJOAKe,bmulcasterh1@house.gov
mpulhamh2,KUFtmReUDq,stommeoh2@bizjournals.com
jbigriggh3,QfRurPT,pcolquhounh3@printfriendly.com
jlambalh4,LeiG6a36tB1C,dshailerh4@guardian.co.uk
agriffittsh5,XSC7fr1f,cbenfellh5@wired.com
atrayteh6,XvDTJL,cmazdonh6@tiny.cc
wbinnellh7,kn4RncF1,wgaih7@blogger.com
jhinderh8,hcaqlvxpw,ddamrelh8@cyberchimps.com
tjanczykh9,kPcoc0t,cbrimmicombeh9@marketwatch.com
rhaselupha,kZH5r8ju,agerrietsha@dagondesign.com
bsprowellhb,ComAffiAP,vbenezeithb@zdnet.com
odickersonhc,SjILyWwknH,bchalderhc@chronoengine.com
plathleiffurehd,K9CFyX0fE0kC,deskellhd@paypal.com
aburstowhe,iUhakfKVaO7s,ylowfillhe@istockphoto.com
mcaganhf,kQfYmE,ephytheanhf@upenn.edu
iwhaphamhg,YlETsOV,aaddinallhg@angelfire.com
aaggashh,OaJZHcwca,dollishh@bbc.co.uk
lhellwinghi,UHY6zA9EyKoT,mamblerhi@spotify.com
dmitrikhinhj,vbxVRi,olarmourhj@dyndns.org
fgriffehk,TugrVmph,bshyreshk@goo.gl
sfenelowhl,lIZH2sgh01,ckasmanhl@unblog.fr
nhallgathhm,OTnUHQtBYMo,efeganhm@walmart.com
tteodorskihn,R6BYBArc9w,bpetohn@dyndns.org
dsondonho,DzpzoB,dclausewitzho@xing.com
mfreakehp,ZjMyJvNzpl,alintothp@bing.com
lnorsworthyhq,ARk5Ozxi3Kd,cgowlinghq@addthis.com
gmullingerhr,323wtH2,sdenthr@slashdot.org
fmackinderhs,2LfkkQLo,fisaqhs@i2i.jp
fquestedht,EJ5dCjFU,dyakunikovht@gov.uk
edebruynehu,abAhvi,belementhu@homestead.com
ggallegoshv,QuxI54LVBF3,wboghv@yellowbook.com
jmaaszehw,WgAQ4I,earistidehw@nhs.uk
ddarrowhx,naI43zy,fgriefhx@macromedia.com
lmcenhillhy,6PGqPqXJjIt,jbraunshy@stumbleupon.com
lcapronhz,q3xOPpV,adibiaggihz@salon.com
ctattooi0,wkDpGXPQ,aohogani0@huffingtonpost.com
ssandilandi1,5GHwAP0KQ,smeredithi1@discuz.net
sedgarsi2,8t37Wl,ldallani2@nationalgeographic.com
asnoxilli3,5y1Zqc7T47DX,cjohnsi3@npr.org
kjanowskii4,gHVekuMMZnk,pgianuzzii4@prnewswire.com
gconnuei5,zevtcBs,efarrisi5@smh.com.au
cklemkei6,PHCALxI8wdV,gsamuelsi6@photobucket.com
vmcnellisi7,vf4ZYR,rmaciunasi7@youku.com
pmatevushevi8,rW9TDZ5qC,zleiboldi8@feedburner.com
wbrixeyi9,D3ROqapcI,trabbittsi9@desdev.cn
kknibbia,JkipudYi5sA5,cmcenteggartia@webnode.com
jlundbeckib,soqGWx,jnehlsenib@chronoengine.com
mquarryic,IpDaToZ,kcockingsic@prlog.org
mferroliid,K4HdBN,bsmolanid@auda.org.au
nmilsonie,s797h0igFy,gtudbaldie@sakura.ne.jp
jkoppsif,cqPQvQQ,rshubothamif@google.co.jp
kseacroftig,pefYSO27,acelleig@whitehouse.gov
tcoggonih,Y9tCGEqf,damangerih@economist.com
cproudleyii,zAeuDHHBjSFV,hfreathyii@scientificamerican.com
afloatij,ecgPIbA,ahussetij@mac.com
smelsomeik,m60Ul24,lrushworthik@vimeo.com
kmaseyil,ItO9sROfJ1,rkleeil@ftc.gov
enussgenim,d04tD7RZvK,bglamartim@walmart.com
jjillardin,npNAkYgyOuR,esyalvesterin@linkedin.com
fblackaderio,G885r3xh6ps2,snicklinsonio@wp.com
jkennallyip,eEsuabRwTnL,ddaniip@xinhuanet.com
hebralliq,bQQUaQig,ycrosioiq@mayoclinic.com
rfynnir,fxvNQteW4MP,nhobsonir@domainmarket.com
gashfieldis,xqH9cFoMSSJ,mnovicis@blogger.com
pchapelhowit,jrMRm86umh,hhennerit@blogs.com
jclougheriu,lxjgjNS,apartletoniu@cyberchimps.com
zhartzogiv,EeWn1TefE2m,cwhereativ@shutterfly.com
pbigglestoneiw,twSnnfReqV,rmcfeateiw@mlb.com
lbilamix,eLpNOQXGNxx,lchinnockix@flavors.me
amartiiy,ajj7LkbkLRhx,gmalkinsoniy@netlog.com
smilsoniz,LiPmspyl,sdanieliiz@baidu.com
asamwaysj0,2YzBYv1X,bdickinsj0@nature.com
crableauj1,3lhTzUyzvDis,lcoasej1@ed.gov
akantorj2,S5Z0YHcxgYJ,ppearchj2@admin.ch
lfaulkenerj3,hQNmh7Y3Qt,jcuerj3@pagesperso-orange.fr
kablottj4,PZ64LNG65p1,zloydj4@bigcartel.com
hrosenhauptj5,7XYRQyPatVc,jlavenj5@fastcompany.com
jporkissj6,IynUtwOM,mfingletonj6@list-manage.com
jkrzyzowskij7,FXDuRcxp,esouthcoatj7@purevolume.com
wesseryj8,jbMIqt2dtpJ,khathornj8@topsy.com
gcliburnj9,9QwyheeWz7By,stoselandj9@gmpg.org
nocorriganeja,XQsudK5qI,sblacklockja@google.es
tmayheadjb,6EztFWYM,slinturnjb@diigo.com
rbrimleyjc,ZOomskIuegaw,efilippijc@netscape.com
dbesantjd,kwkNtng,ewalisiakjd@goo.ne.jp
cpieterickje,TiX7T7ZmjQz,goneillje@dailymotion.com
epagdenjf,EqQpciw2rcA,ttollerjf@eepurl.com
dmephanjg,sME4QdvKFcbu,gordishjg@usa.gov
mfeldbergerjh,UJQutK,pimlawjh@bloglovin.com
garmfirldji,QeEToz,jwavishji@toplist.cz
kgillcristjj,99PjMcAwL,kburnappjj@nbcnews.com
hfewtrelljk,HFthp7sYI,lhacquoiljk@noaa.gov
rjeaninjl,fZPlSo,rbridatjl@sciencedirect.com
rlascelljm,Ck2ylq2I50K1,edixiejm@cbc.ca
jhazlehurstjn,RJcsinSP,gwarnejn@dion.ne.jp
bcurleyjo,ov1qs4Gxx4P,fbehningjo@hc360.com
koldfieldjp,PB2mvh1,bbushelljp@rakuten.co.jp
kgoldsburyjq,w76gVx,sbarhemsjq@nih.gov
rstennetjr,jKRoqentm,cchillingsworthjr@taobao.com
hdevaneyjs,eOrvioq7kO,tklugeljs@blinklist.com
rskinleyjt,0fVOGq6nh0M7,hmaccartjt@wordpress.com
fhegdenju,KdKqVGje3AC,sdraijerju@engadget.com
mmongenotjv,qiMtuYX4Dd,djordanjv@acquirethisname.com
cstillertjw,nh0DVLI,tfridlingtonjw@amazonaws.com
ysiggsjx,LBuvjT4GL,cthomeljx@sogou.com
lwakesjy,Prt9DUTk,oecobjy@boston.com
witzikjz,sSD5mHd,mreggiojz@mayoclinic.com
ahummk0,fsdM7gMSZk,bkinsellk0@dion.ne.jp
agarmeyk1,MyBy8e,tmcgraek1@nationalgeographic.com
hvaterk2,vKcQtCEC,ishemiltk2@tripod.com
fbackenk3,ZeMaDgHj,jmanchesterk3@g.co
lsammonsk4,2icVE7CNq,baldersleyk4@ameblo.jp
jtorresk5,T3e3a5Kjm,bparrettk5@squidoo.com
aprattek6,Z8xx3fXQBz,amattekk6@nih.gov
mpylkynytonk7,kUosQAGpf8R,kbenchk7@usatoday.com
gpenwardenk8,c3VvLu05E961,caiskriggk8@ed.gov
wwitseyk9,zhqdFOKT,vcoalesk9@foxnews.com
ccoverdillka,95qQwVq,bdarlisonka@furl.net
edelislekb,HjiABK1Wjyw,cbachekb@irs.gov
jrosemankc,LNDuchk,gflaritykc@studiopress.com
elynnkd,3UUcYaY9,tosiaghailkd@twitpic.com
dhatherleyke,jShEu4N0XRn,gfoatke@webmd.com
flumsdainekf,eLAcdK1,aackerleykf@angelfire.com
poswaldkg,n2ufkImA,fmundykg@google.co.jp
bgoleykh,9HSDIT,jlapiduskh@mapy.cz
hparkesonki,nBan18eWps,bmagennyki@cbsnews.com
dmabbittkj,IemM52P,mbrayleykj@issuu.com
rruffellkk,jqAoh1oNg,agaskallkk@phoca.cz
swishartkl,eu3KFos5,wmulmuraykl@utexas.edu
ebreckenridgekm,p1NyVB8,bdoleykm@taobao.com
acastillonkn,2ar2Hextw,nharesnaipkn@gmpg.org
wanselmko,YhX3k7AZYthQ,lbwyeko@columbia.edu
efridayekp,lLDzRU9gB,jconneelykp@businessweek.com
vsedgemorekq,0yVkRp2w2zf,fscoularkq@springer.com
edimmackkr,ZPu1dikHRk0,ksimounetkr@noaa.gov
ugoodbarrks,5EBLeS4GO,mdikleks@npr.org
rgauchkt,Kwaq5FUSUSIT,nskamellkt@quantcast.com
swrethamku,SztSGhY8lwR,mkobischku@moonfruit.com
ratwaterkv,7SOxhVqRGfdM,ltilbrookkv@sogou.com
atolleykw,ECfDhG,lmignotkw@canalblog.com
dlenahankx,049MM5H,krosettinikx@zimbio.com
amccreaghky,T3JgzK2GmT,dwolfordky@imgur.com
jwapolkz,dYSe8nVYGyq,drohlfskz@epa.gov
bisaacl0,h63rE9vuXw,bpennal0@flickr.com
mluckenl1,qRHDEZQgcH22,swilmutl1@engadget.com
pizattl2,GAf4Fr6F,kdurningl2@dailymotion.com
rfrearsl3,4DEbUAt5rr,treggiol3@a8.net
acoslittl4,75Pt7cVrT,cworsnopl4@ovh.net
nrudgerdl5,qVCrQQHu7n,gmullisl5@reverbnation.com
opasquel6,Abexp89,wkermittl6@narod.ru
bcroninl7,JyzZ6Ayey7X,gplowelll7@psu.edu
cgrassinl8,VVi8RwRrsB6,ebednalll8@toplist.cz
mcastelinl9,pluQjY,asneesbiel9@free.fr
ccarlawla,CkYQ2jH7,piglesiala@wisc.edu
ebillisonlb,RfiTuHap2,respinolalb@reuters.com
bfrankiewiczlc,dIl2rQkteqZH,bbenchlc@washingtonpost.com
jmoodeyld,scZaYDWP9Lj,ddeambrosisld@marriott.com
ydicarlole,HieuXJ,dhegdenle@weebly.com
cwarboylf,1YghgULKaJ9,jperfectlf@purevolume.com
aubachlg,7RpzsqfA,mmaccaghanlg@microsoft.com
mlowderlh,Yqg4UW,lkelselllh@smugmug.com
emayouli,xB1g6t0,rdyasli@blogspot.com
tclawsleylj,PiEn0A,gmacsherrylj@princeton.edu
crozalskilk,VMdwrNbzUQ,dcashamlk@craigslist.org
mstelfaxll,Wnkgg4Ml4y,arosasll@tinypic.com
bksandralm,byHzdT,ceitelm@smh.com.au
djoyln,CBQ5DMNYbpV,kstebbinln@instagram.com
chickeringilllo,5kylq1b7,skinderlo@businessinsider.com
mperolp,7V7Fh56Uk,abrownbridgelp@netvibes.com
mmccurrielq,jWZvNhRv6OVs,acopesticklq@msu.edu
jdumberrilllr,gkHd6E,mmartineclr@domainmarket.com
dwhitworthls,2v4SOXYaw7lP,lclynmanls@timesonline.co.uk
abifieldlt,NZBJKG1Jyn6,jdymocklt@instagram.com
jpeopleslu,MBXIdxVq,bbraisbylu@earthlink.net
gpaulelv,5fmMIVgG,gedgarslv@ucoz.ru
dmathiotlw,MwHhMI51k,hvelezlw@youtube.com
nmcartelx,mICgZpfgR,bcranglelx@joomla.org
nnewrickly,feugNZ,klamportly@ning.com
swollandlz,lfXdaK,jrubkelz@newsvine.com
npellettm0,yBbZWLkKhZX,demmanuelm0@gnu.org
mphilipartm1,sQtjMBFc,jwheelanm1@google.cn
fskinglem2,AkfYzJ6v,dgiovannim2@diigo.com
cfromantm3,CW50dVM2A,hstalleym3@mediafire.com
cestabrookm4,wc7Vo73ebQ,kburfieldm4@cloudflare.com
msirem5,j9Krvlbjw,ebeldersonm5@ebay.co.uk
lwiltshirem6,pMya0Lo06,bmaddersm6@vinaora.com
vdaybornem7,HGMaApjmoG,epalferym7@cam.ac.uk
gmacsporranm8,YC2Kmh5adq,scawdronm8@china.com.cn
rmackleym9,Fy1sp1,bmashamm9@yahoo.co.jp
ltollowma,RyzZOjDfG,hdavidovicima@google.com.hk
ccromackmb,y4ZzaABk8,tbatripmb@stanford.edu
cshearsbymc,6bCzaIP,gtruslermc@multiply.com
vmacphadenmd,ftyaGf,smagnarmd@deviantart.com
epeagramme,yb2o3T,dbleesme@nytimes.com
dsamsonsenmf,0g1uRfL8qFNQ,ajaslemmf@wired.com
araeburnmg,gtvtZs0,asonnenscheinmg@smh.com.au
pwyeldmh,YOzoHp,fbevensmh@google.com.br
dshalcrasmi,pvanpk6Sm,rphelipmi@typepad.com
slimpkinmj,I2xbGk4Yee,hpettegremj@cpanel.net
cmolohanmk,Ph6mOh,mjenteaumk@wufoo.com
amoutrayreadml,nlBi4yr55fxX,lfollittml@godaddy.com
qdufallmm,T3Ooe32KBTIk,truggsmm@craigslist.org
sbednellmn,s6kaGe6UPH2v,lgalliennemn@hao123.com
rkettleymo,sNORWAWZ,dboonemo@multiply.com
gspurniermp,IX8Hv4z,gpriddeymp@dot.gov
tsoanmq,Zvc0Qv,gtoppermq@mail.ru
emuntmr,N0dY8hpi7,lsauniermr@springer.com
nfriedlosms,sXmWU2od5,cgurkoms@discovery.com
kdurnillmt,zuHQgnl,arammt@examiner.com
gcovinomu,DP6b4o2zg7,atruslermu@examiner.com
meammv,cioyO0Ucpp,dgodwinmv@timesonline.co.uk
mlimmingmw,vq4p3yn,kbrazurmw@deviantart.com
vleahmx,yX2wI5gY,vpotburymx@gizmodo.com
vyuillmy,SJo4A97qi,nstoyellmy@walmart.com
oadamkiewiczmz,Bnh1el,wangersteinmz@amazon.com
fcornhilln0,JwIX6U,cfrosselln0@so-net.ne.jp
lpettifordn1,ZSjVqZTD5r,mibbsn1@mtv.com
pwallsn2,zYl9kQN463,fburchattn2@cloudflare.com
bthreddern3,8U2OEu,smarchellon3@cloudflare.com
mheijnen4,mR2ptLbB1T,tblackboron4@stanford.edu
jgogartyn5,B3sl7mnjs,wgreenfieldn5@a8.net
dstrandn6,YKLZIG0xYs4z,jbamfordn6@apache.org
bblabbern7,euaOb2Cmo,gcalderonellon7@moonfruit.com
tqualtroughn8,yCD3tMG,mgallien8@goo.ne.jp
tambrusn9,Ih6jsh9ZOEZ,cyesn9@mayoclinic.com
ddevalna,KbdV9Z3Wq,bclausenna@narod.ru
ggeevenb,RopQqKe,jlearnb@list-manage.com
ibanksnc,f3TnkE,mlanphiernc@un.org
mnelliesnd,j5KdSjI2l,chalewoodnd@sakura.ne.jp
rpeeblesne,Ae2SuNfju6m,sbenedekne@ucoz.com
ykenrydnf,vbVA1FT7,wgullamnf@privacy.gov.au
mkezorng,HELvXPgh5,esanfordng@dyndns.org
sdurrellnh,25vyXnA,dcreffieldnh@fc2.com
msteinorni,0C8CEt6bpe,edrainsni@edublogs.org
uhourstonnj,wD4SseuwrGQF,pcramphornnj@purevolume.com
rvockingsnk,zXVUS4X78aFW,dreignoldsnk@va.gov
esouthcottnl,Own85os,cgrimesnl@samsung.com
chenrionotnm,lnolTc,dplanksnm@smh.com.au
iyallowleynn,WBQ1OJVLfw,ccollsnn@google.co.uk
wcreevyno,xFgKn8az,dsizeyno@mapquest.com
gjobkenp,ZUrVdYCUCT,apondjonesnp@nature.com
sdymockenq,Swhu4Xu,pcloughtonnq@technorati.com
rarguilenr,vyiqAut,hwestermannr@cafepress.com
rklausenns,07IhFvoPDLjm,gclemettns@weibo.com
rburrelnt,sX8WBiUIM,mgoodhewnt@amazon.de
jstapellsnu,pwt3VWK,tlowennu@spiegel.de
bnewvillnv,ae9w5L6K3,bbriggenv@fda.gov
mscarrisbricknw,30TG58tT,eberryannnw@cdbaby.com
vsinfieldnx,GMQBTJ6k,jfullegarnx@flickr.com
tbrenardny,YyD8XLAEA,mskeletonny@statcounter.com
mromanskinz,smI0HN9,lbockingnz@t.co
flinleyo0,zNtM60UAs6r,smccrayo0@cbsnews.com
lbennedicko1,O1SHwR0y83,rmaylouro1@google.com
cwileo2,29a5PQ9u9,dknuckleso2@sakura.ne.jp
esweeto3,rdEQkZQc,wconlono3@nifty.com
churdedgeo4,lgZ5eQ,bgroobyo4@shop-pro.jp
cpiegromeo5,FMsppHC1STtL,jclatworthyo5@issuu.com
fhallgateo6,3ZpDrftYp,lcroiziero6@ebay.com
yterringtono7,M8lcLJK48,amaccaffertyo7@ocn.ne.jp
mstivanio8,3j8XEiU2,mgriffitto8@alexa.com
elauritzeno9,Lgsll3Mu,cmeritono9@dedecms.com
amullingeroa,g9cceS,fmakinoa@jiathis.com
gportchob,N4XmDgD,amarieob@pen.io
bdeluceoc,9iExPb6H,pformanoc@github.com
vebdonod,ML6WS4,pconquerod@forbes.com
bdummeroe,EE7dljd,vgeekieoe@woothemes.com
grackstrawof,IrfjL7pntgCr,skubalaof@businessinsider.com
fslaightog,QRKGBfx,etattersog@bloomberg.com
mjorioh,E6aGiLnNd9,dtompkissoh@ycombinator.com
rnottioi,F3JeV1X,sattleoi@360.cn
okynetonoj,H9FKHH,dmoodeyoj@hhs.gov
cbraidleyok,2NgedB6Pl4,srodbourneok@sohu.com
bendricciol,Ds6FIwv3,bfiveashol@uiuc.edu
mdaenom,LCL0kq,kcoverleyom@shareasale.com
plakinon,Tw7P1f,saucutton@dell.com
groncaoo,sbtTLfb,bmcswanoo@newyorker.com
thowseleeop,EQvww9W,cpartnerop@cloudflare.com
ewilshireoq,Yca7TT8jk1,lpurchaseoq@free.fr
fabrahamior,Nat7Q8AyJj,jkendallor@indiatimes.com
htrenbeyos,MmfU4dkeW7,jrudgerdos@reverbnation.com
jmcilveenot,p5iqHuuZRa,bknewstubot@epa.gov
dkezorou,zr2ovTCl75V,lparsonsou@ask.com
ngreensetov,wK5Tk4GjWQ,mtomankiewiczov@instagram.com
fhebbronow,0HjNCQAy,tdudbridgeow@fc2.com
epadefieldox,ww7N2nW,whessingox@over-blog.com
fdainesoy,m3FlFbHf,tbluneoy@time.com
mmcgintyoz,WeehRDUUj,coverpooloz@feedburner.com
klabap0,Kuc88DXjbXK,ztwinbournep0@gmpg.org
cfulcherp1,dfOOMu4nIag,hruterp1@hugedomains.com
dbunclarkp2,bO4EOUiK,dspenleyp2@cyberchimps.com
amcmychemp3,fWFlgfiK1,eramsbottomp3@theatlantic.com
fsideryp4,JMeg7bTQ8j0,gpocklingtonp4@msu.edu
rgrinleyp5,Hlo83go,grzehorp5@army.mil
ggyppesp6,H5wyr7r8Ebd,klelievrep6@bluehost.com
fmcsharryp7,MrfkSqCR,fnorresp7@thetimes.co.uk
jschruursp8,2Ey3TtwMwLa,jgooderep8@linkedin.com
cfrancp9,a3aeULf1,iduffitp9@amazonaws.com
tpunyerpa,LovtBTl08oM,sarispa@toplist.cz
pcowelypb,zqTW5VLmdy,ofidalpb@seesaa.net
abarttrumpc,HG8bgKzW4yB7,dboschepc@washington.edu
trawlynspd,c29eUwR3,gsimonoupd@google.ru
bschumacherpe,EYHty2fc,jtarburnpe@omniture.com
dhamepf,UvRuYN0yT,tmorsepf@list-manage.com
fberthepg,VOAxTr50JV,tcorkepg@usatoday.com
mmulhollandph,2kXKyJdloVh,byallopph@howstuffworks.com
lleitchepi,N8SWOI,adimeloepi@cocolog-nifty.com
mroustpj,yyX9YIMiNbaz,jlinceypj@lycos.com
npettegrepk,SUT5ylE,ldeclerkpk@utexas.edu
lchuneypl,ipqQWqFzQnM,gkestianpl@symantec.com
krovepm,U7LOoJ6t73jg,tmaylingpm@bigcartel.com
jhicklingbottompn,WY6owaY,ayatepn@senate.gov
aedgertonpo,lMXGeLrCKx,mmartynspo@jigsy.com
aferronelpp,5QqKSyGOuhtO,scolliverpp@flickr.com
kseyfartpq,DHDpnJ4U,sakidpq@google.co.jp
eaddspr,Tk2uUCSZQnqy,esheenpr@techcrunch.com
tcamplejohnps,A0caACjew0,ebouskillps@abc.net.au
vcomellipt,ZxL3kp6Av,sbartellpt@sakura.ne.jp
aaldiepu,VGIIWLPjk,lconfortpu@zimbio.com
cmettetalpv,3gxE1GBAL,ifirminpv@huffingtonpost.com
raronsonpw,5rfOXdg2,jedepw@cocolog-nifty.com
smcqueenpx,S0hMcwM9AXv,gfilppettipx@wordpress.org
ochopinpy,Q5XuzYKd,hgallallypy@tripod.com
bputtnampz,VBerVhHykRlf,gsaltmarshepz@edublogs.org
cstanbridgeq0,IuQWH7mHw9V,dkightlyq0@rambler.ru
rclemenzaq1,mHKrPU,udellenbachq1@lulu.com
nbonehillq2,kmsGJhgovtiC,gbrattyq2@netlog.com
oferronetq3,N0aIamnNkNri,rmccullumq3@blogtalkradio.com
rbatcheldorq4,BjTQdW36ATX,knernq4@mozilla.org
pchicchettoq5,ATsVadVJcTK,xsharramq5@sohu.com
wgillmorq6,Q23ib85nk,lnansonq6@bloglines.com
fgonoudeq7,shRh47ic68,ehellekerq7@irs.gov
rbathamq8,uz0XJYfH9,espringallq8@wordpress.org
cfisbyq9,h7YFiRqrHEEF,dgilhooleyq9@kickstarter.com
cmasseqa,PXwZ3lNa,fgerleitqa@chicagotribune.com
hjosefssonqb,vLAWuOv,mfitzgilbertqb@about.com
bacremanqc,cQeQ18XOQ,taxtensqc@meetup.com
bhulsonqd,9blSfrkrCwn,mlasselleqd@plala.or.jp
sivakhinqe,ZU6kkIp4uD,klimrickqe@cisco.com
sgonzaloqf,nnSKNWT,nscurrahqf@free.fr
pvelezqg,xlfv6Z7Gzqq,scavilleqg@free.fr
apaskinsqh,XhwTbaXQsR,rswindlehurstqh@qq.com
pablittqi,gfstjvigkBr,ajonesqi@nature.com
akestleqj,VU23UFR,arollqj@aboutads.info
bholseyqk,ccNThurA,nfremantleqk@vistaprint.com
msutheringtonql,sKlkqAqI,jlorrainql@china.com.cn
kaphaleqm,AIfxWVHBu,vliddonqm@yale.edu
slecountqn,c0Gy5J08pCO,acaterqn@irs.gov
kwethersqo,WLxEuY1ZBm,livicqo@unicef.org
arousqp,Ye9WqUk,lpulferqp@hostgator.com
tdaintyqq,Wm1qu2,jmeasorqq@naver.com
sdebrettqr,2Yn19PW,moatleyqr@blog.com
bweightmanqs,8wXgHp,glaurenziqs@uol.com.br
bmcomishqt,r3U5mFuchf,lgillyattqt@omniture.com
rscrubyqu,XRSoiWMlJs7,vhendriksqu@hao123.com
mgodneyqv,ILUlgEA,wmcilmorowqv@time.com
fnevinsonqw,Qjrf6EZx,eruffqw@cloudflare.com
cpassionqx,Fjs4GcWdeKt,lweaferqx@ow.ly
kmcilhoneqy,uYPHZwVOli,bshowellqy@independent.co.uk
wthomazetqz,xuDdML7czB,gperryqz@tmall.com
ddegnenr0,Lcie83Djp8rE,gporter0@gnu.org
gdessentr1,EfeQ6y4doNI,lcaulderr1@imageshack.us
rclarricoatesr2,Cq6qxUXPK6OO,sbeekmanr2@webmd.com
rdurdyr3,pxkl9R9,gstirlandr3@marketwatch.com
mhopferr4,bNL6rJdgDrYC,etweedellr4@printfriendly.com
kbaynardr5,mmgCSUAoBB7,gedlerr5@cbslocal.com
wlernerr6,pKwtymusJ5A7,mhubeauxr6@histats.com
dgiacominir7,L1FWBJMd,afallowr7@redcross.org
taudreyr8,dSxA7yid1g1,cleattr8@so-net.ne.jp
lattfieldr9,2jCqmXeExjhi,ejoncicr9@theglobeandmail.com
scrowdenra,gfrujV,ssudlowra@nhs.uk
csallierrb,nMBeMC,dcarerb@amazon.co.uk
olongfieldrc,1ZbRTQ,abranniganrc@nytimes.com
rtrainorrd,xemca1nYS,cohmrd@slashdot.org
ladamczykre,q9kSfzMzpX,rbowickre@cafepress.com
rsewleyrf,RfSvWukm8,cdairtonrf@ft.com
lianittirg,ArgcsdaXzJ6,bocullenrg@nbcnews.com
cwallasrh,ZQtdZ7MG0s,bshuxsmithrh@zimbio.com
ymcgiffinri,tyB9FgA,estainri@bing.com
sgailorrj,wOugnGKyv1,cmclindenrj@epa.gov
dbaisonrk,4JcZfU,cverickrk@businesswire.com
lborrellrl,clSPTuKf,triseleyrl@jimdo.com
lkenealyrm,e2prJ7eprfG,sablewhiterm@cdbaby.com
wantognellirn,oksRRQ,dmacneillyrn@dailymotion.com
scrawforthro,SFSWyjRe,mcrichleyro@people.com.cn
lmilamrp,mEK7D1vT5O,rturfusrp@google.cn
chabertrq,o1yxfU,ubalstonrq@msu.edu
cbramhallrr,HlDs5MvHMnB,mmartrr@nasa.gov
